Key,Id,Shared Comments,English(en),Spanish (Spain)(es-ES)
"G001",1,"","Start Game","Iniciar Juego"
"G002",2,"","Continue","Continuar"
"G003",3,"","Settings","Ajustes"
"G004",4,"","Exit Game","Salir del Juego"
"G005",5,"","Apply","Aplicar"
"G006",6,"","Back","Volver"
"G007",12102267936768,"","Restart","Reiniciar"
"G008",12102267936769,"","Game Over","Fin de la Partida"
"G009",12102267936770,"","Loading... {0}%","Cargando... {0}%"
"G010",12102267936771,"","Press E to interact","Pulsa E para interactuar"
"G011",12102267936772,"","Press E to pick up the flashlight","Pulsa E para recoger la linterna"
"G012",12102267936773,"","Press E to open the door","Pulsa E para abrir la puerta"
"G013",12102267936774,"","Press E to interact with {0}","Pulsa E para interactuar con {0}"
"G014",12102267936775,"","Press E to view {0}'s story","Pulsa E para ver la historia de {0}"
"G015",12102267936776,"","Press E to close {0}'s story","Pulsa E para cerrar la historia de {0}"
"G016",12102267936777,"","You need to find a light source...","Necesitas encontrar una fuente de luz..."
"G017",12102267936778,"","{0} Statue Collected!","¡Estatua de {0} recogida!"
"G018",12102267936779,"","Use &lt;color=#FFD700>WASD&lt;/color> to move","Usa &lt;color=#FFD700>WASD&lt;/color> para moverte"
"G019",12102267936780,"","Press &lt;color=#FFD700>SPACE&lt;/color> to jump","Pulsa &lt;color=#FFD700>ESPACIO&lt;/color> para saltar"
"G020",12102267936781,"","&lt;color=#FF0000>RUN!&lt;/color> Press &lt;color=#FFD700>SHIFT&lt;/color> to sprint and escape the house","&lt;color=#FF0000>¡CORRE!&lt;/color> Pulsa &lt;color=#FFD700>SHIFT&lt;/color> para esprintar y escapar de la casa"
"G021",12102267936782,"","Learn to lock onto your target:\nPress &lt;color=#FFD700>Q&lt;/color> to focus on a nearby enemy.\n\nKeeping them in your sights will make combat easier. Focus and don't lose track of them!\n\n&lt;size=80%>[Press E to continue]&lt;/size>","Aprende a fijar tu objetivo:\nPulsa &lt;color=#FFD700>Q&lt;/color> para centrarte en un enemigo cercano.\n\nMantenerlo en tu mira facilitará el combate. ¡Concéntrate y no lo pierdas de vista!\n\n&lt;size=80%>[Pulsa E para continuar]&lt;/size>"
"G022",12102267936783,"","Now that you can lock onto enemies, take the next step:\nHold &lt;color=#FFD700>Right Click&lt;/color> to aim precisely at the locked-on enemy.\n\nAiming is key to victory!\n\n&lt;size=80%>[Press E to continue]&lt;/size>","Ahora que puedes fijar enemigos, da el siguiente paso:\nMantén &lt;color=#FFD700>Click Derecho&lt;/color> para apuntar con precisión al enemigo fijado.\n\n¡Apuntar es clave para la victoria!\n\n&lt;size=80%>[Pulsa E para continuar]&lt;/size>"
"G023",12102267936784,"","Your flashlight is your best weapon:\nPress &lt;color=#FFD700>Left Click&lt;/color> to use it on the enemy.\n\nEnemies fear the light... Submit them to the glare! The flashlight recharges by itself when turned off.\n\n&lt;size=80%>[Press E to continue]&lt;/size>","Tu linterna es tu mejor arma:\nPulsa &lt;color=#FFD700>Click Izquierdo&lt;/color> para usarla sobre el enemigo.\n\nLos enemigos temen la luz... ¡Somételos al resplandor! La linterna se recarga sola al apagarse.\n\n&lt;size=80%>[Pulsa E para continuar]&lt;/size>"
"G024",12102267936785,"","Important Information:\nYour flashlight consumes energy when used. It will automatically recharge when turned off.\n\nManage it carefully!\n\n&lt;size=80%>[Press E to continue]&lt;/size>","Información Importante:\nTu linterna consume energía al usarse. Se recargará automáticamente al estar apagada.\n\n¡Adminístrala con cuidado!\n\n&lt;size=80%>[Pulsa E para continuar]&lt;/size>"
"G025",12102267936786,"","Move stealthily:\nPress &lt;color=#FFD700>C&lt;/color> to crouch.\n\nHide your presence, evade hostile gazes, and approach undetected. Sometimes, shadows are your best allies.\n\n&lt;size=80%>[Press E to continue]&lt;/size>","Muévete con sigilo:\nPulsa &lt;color=#FFD700>C&lt;/color> para agacharte.\n\nOculta tu presencia, evade miradas hostiles y acércate sin ser detectado. A veces, las sombras son tus mejores aliadas.\n\n&lt;size=80%>[Pulsa E para continuar]&lt;/size>"
"G026",12102267936787,"","Go to the central fountain","Ve a la fuente central"
"G027",12102267936788,"","Use the environment to hide","Usa el entorno para esconderte"
"G028",12102267936789,"","Find the four animal statues","Encuentra las cuatro estatuas de animales"
"G029",12102267936790,"","Return to the fountain... carefully!","Vuelve a la fuente... ¡con cuidado!"
"G030",12102267936791,"","Bear","Oso"
"G031",12102267936792,"","Mouse","Ratón"
"G032",12102267936793,"","Dog","Perro"
"G033",12102267936794,"","Raccoon","Mapache"
"G034",12102267936795,"","Master Volume","Volumen General"
"G035",12102267936796,"","Music Volume","Volumen Música"
"G036",12102267936797,"","Sound Volume","Volumen Sonido"
"G037",12102267936798,"","Dialogue Volume","Volumen Diálogos"
"G038",12102267936799,"","Display Mode","Modo Pantalla"
"G039",12102267936800,"","Resolution","Resolución"
"G040",12102267936801,"","Quality","Calidad"
"G041",12102267936802,"","VSync","Sinc. Vertical"
"G042",12102267936803,"","FPS Limit","Límite FPS"
"G043",12102267936804,"","Texture Quality","Calidad Texturas"
"G044",12102267936805,"","Shadow Quality","Calidad Sombras"
"G045",12102267936806,"","Anti-Aliasing","Anti-Aliasing"
"G046",12102267936807,"","Ambient Occlusion","Oclusión Ambiental"
"G047",12102267936808,"","Bloom","Bloom"
"G048",12102267936809,"","Motion Blur","Desenfoque Mov."
"G049",12102267936810,"","Sensitivity","Sensibilidad"
"G050",12102267936811,"","Invert Mouse Y","Invertir Eje Y"
"G051",12102267936812,"","Fullscreen","Pantalla Completa"
"G052",12102267936813,"","Borderless","Sin Bordes"
"G053",12102267936814,"","Windowed","Ventana"
"G054",12102267936815,"","Unlimited","Sin Límite"
"G055",12102267936816,"","High","Alta"
"G056",12102267936817,"","Mid","Media"
"G057",12102267936818,"","Low","Baja"
"G058",12102267936819,"","Very low","Muy baja"
"G059",12102267936820,"","Off","No"
"G060",12102267936821,"","On","Sí"
"G061",12102267936822,"","Locked On","Fijado"
"G062",12102267936823,"","Saving...","Guardando..."
"G063",12102267936824,"","Game Saved","Partida Guardada"
"G064",12102267936825,"","Approach, little ember in the perpetual night. You have gathered the echoes of this valley, the petrified memories that weep in silence.","Acércate, pequeña brasa en la noche perpetua. Has reunido los ecos de este valle, los recuerdos petrificados que lloran en silencio."
"G065",12102267936826,"","You feel the weight of the void, don't you? The unnatural stillness that chokes the laughter and whispers of those you call home. Umbra... a hungry shadow, has devoured their will, leaving only husks wandering in the penumbra.","Sientes el peso del vacío, ¿verdad? La quietud antinatural que ahoga las risas y los susurros de aquellos a quienes llamas hogar. Umbra... una sombra hambrienta, ha devorado su voluntad, dejando solo cáscaras vagando en la penumbra."
"G066",12102267936827,"","But you... you shine differently. A spark of the ancient light endures within you, the same that wove life into this forest before the darkness claimed its dominion. That is why the shadow did not completely break you.","Pero tú... tú brillas diferente. Una chispa de la luz ancestral perdura en ti, la misma que tejió la vida en este bosque antes de que la oscuridad reclamara su dominio. Por eso la sombra no te quebró del todo."
"G067",12102267936828,"","The human heart, what a complex tapestry! It weaves the purest joy and the deepest sorrow with the same threads. I know that mourning tightens your throat, that every shadow reminds you of a loss. It is the price of loving in an ephemeral world.","¡El corazón humano, qué tapiz tan complejo! Teje la alegría más pura y la pena más profunda con los mismos hilos. Sé que el duelo aprieta tu garganta, que cada sombra te recuerda una pérdida. Es el precio de amar en un mundo efímero."
"G068",12102267936829,"","But do not succumb to despair. You are the fulcrum of the balance, child of light and shadow. Within you, courage must dance alongside fear, determination against doubt. For Umbra feeds on imbalance, on the extremes that consume.","Pero no sucumbas a la desesperación. Eres el fulcro del equilibrio, hijo de luz y sombra. En ti, el valor debe danzar junto al miedo, la determinación contra la duda. Pues Umbra se alimenta del desequilibrio, de los extremos que consumen."
"G069",12102267936830,"","The light you carried, the little guide... it was a fragment of my essence, entrusted to this world. Now, fused with you, it is yours to wield. Not as a weapon of wrath, but as a beacon of temperance.","La luz que portabas, la pequeña guía... era un fragmento de mi esencia, confiado a este mundo. Ahora, fusionada contigo, es tuya para empuñarla. No como arma de ira, sino como faro de templanza."
"G070",12102267936831,"","Your path begins now. You must face the root of this corruption, the pulsating heart of Umbra. It will not be easy. The darkness will try to seduce you, to reflect your own fears.","Tu senda comienza ahora. Debes enfrentar la raíz de esta corrupción, el corazón palpitante de Umbra. No será fácil. La oscuridad intentará seducirte, reflejar tus propios miedos."
"G071",12102267936832,"","Seek balance in every step. Remember the lost, not with the bitterness of the end, but with the warmth of their existence. That memory is your strongest shield.","Busca el equilibrio en cada paso. Recuerda a los perdidos, no con la amargura del fin, sino con la calidez de su existencia. Ese recuerdo es tu escudo más fuerte."
"G072",12102267936833,"","Go now. Head to the Hidden Forest Clearing, where the trees whisper ancestral secrets. There, the path will become clearer. I... I shall await you where light and shadow converge.","Ve ahora. Dirígete al Claro Oculto del Bosque, donde los árboles susurran secretos ancestrales. Allí, el camino se volverá más claro. Yo... te aguardaré donde convergen la luz y la sombra."
"G073",18069818810368,"","AUDIO","AUDIO"
"G074",18164387782656,"","GRAPHICS","GRÁFICOS"
"G075",18295703052288,"","CONTROLS","CONTROLES"
"G076",18334722662400,"","LENGUAGE","IDIOMA"
"G077",86267930976256,"","Press Esc to skip","Pulsa Esc para saltar"